{"nombre": "pp", "email": "pp@gmail.com", "telefono": "123123123"}
{"nombre": "ana", "email": "ana@gmail.com", "telefono": "123123123123"}
{"nombre": "Luis", "email": "luis@gmail.com", "telefono": "6543"}
{"nombre": "Lorenzo", "email": "lorenzo@gmail.com", "telefono": "56783455467"}
{"nombre": "Manu", "email": "manu@gmail.com", "telefono": "234567"}
{"nombre": "pablo", "email": "pablo@gmail.com", "telefono": "987653"}
{"nombre": "Manolo", "edad": 24, "email": "manolo@gmail.com", "telefono": "+123123123123"}
